Fish.ID,Size.class,Gutted.Weight.kg,Fork.Length.cm,Live.Weight.kg,Team,Sampling.Date,Cage,Feed.Type,Salmofan.Score,Tapeworm,Tapeworm.bin,Deformity,Cataract,Wounds,Mbol.batch,FattyAcidProfile,HostGenome,HostTranscriptome,Metabolome,Metagenome
F001,Medium,3.24,66,3.73,B,09apr.18,7,Feed1,26,1,TRUE,N,N,2,Batch_1,FALSE,TRUE,TRUE,TRUE,FALSE
F010,Small,1.77,55,2,B,09apr.18,7,Feed1,22,1,TRUE,Y,N,0,Batch_1,TRUE,TRUE,TRUE,TRUE,TRUE
F101,Medium,3.21,64,3.73,B,10apr.18,7,Feed1,28,1,TRUE,Y,N,1,Batch_3,TRUE,TRUE,TRUE,TRUE,TRUE
F102,Medium,3.34,67,3.87,B,10apr.18,7,Feed1,26,1,TRUE,N,N,2,Batch_3,TRUE,TRUE,TRUE,TRUE,TRUE
F103,Large,5.22,74,6.01,B,10apr.18,7,Feed1,25,2,TRUE,Y,N,1,Batch_3,TRUE,TRUE,TRUE,TRUE,FALSE
F104,Medium,3.57,66.5,4.26,B,10apr.18,7,Feed1,27,1,TRUE,Y,N,0,Batch_3,TRUE,TRUE,TRUE,TRUE,TRUE
F105,Medium,3.91,70,4.63,B,10apr.18,7,Feed1,28,1,TRUE,N,N,0,NA,FALSE,FALSE,FALSE,FALSE,TRUE
F106,Medium,4,71,4.69,B,10apr.18,7,Feed1,26,2,TRUE,N,N,1,NA,FALSE,FALSE,FALSE,FALSE,TRUE
F107,Medium,3.4,68,4.05,B,10apr.18,7,Feed1,26,2,TRUE,N,N,1,Batch_3,TRUE,TRUE,TRUE,TRUE,FALSE
F108,Medium,3.99,70.5,4.64,B,10apr.18,7,Feed1,26,0,FALSE,N,N,0,Batch_3,TRUE,TRUE,TRUE,TRUE,TRUE
F109,Medium,3.79,70,4.36,B,10apr.18,7,Feed1,25,1,TRUE,N,Y,0,NA,FALSE,FALSE,FALSE,FALSE,TRUE
F011,Large,4.24,72.5,5.1,A,09apr.18,7,Feed1,25,1,TRUE,N,N,0,Batch_1,TRUE,TRUE,TRUE,TRUE,TRUE
F110,Small,1.24,51,1.47,B,10apr.18,7,Feed1,24,3,TRUE,N,N,1,Batch_3,TRUE,TRUE,TRUE,TRUE,FALSE
F111,Medium,3.73,66.5,4.33,A,10apr.18,7,Feed1,27,1,TRUE,N,N,0,Batch_3,TRUE,TRUE,TRUE,TRUE,TRUE
F112,Small,2.51,62,2.93,A,10apr.18,7,Feed1,27,1,TRUE,N,N,2,NA,TRUE,TRUE,TRUE,FALSE,TRUE
F113,Medium,3.18,65,3.69,A,10apr.18,7,Feed1,26,3,TRUE,N,N,1,Batch_3,TRUE,FALSE,TRUE,TRUE,TRUE
F114,Medium,2.725,62,3.275,A,10apr.18,7,Feed1,25,2,TRUE,N,N,2,NA,FALSE,FALSE,FALSE,FALSE,TRUE
F115,Medium,4.01,73.5,4.61,A,10apr.18,7,Feed1,25,2,TRUE,N,N,2,NA,FALSE,FALSE,FALSE,FALSE,TRUE
F116,Medium,3.04,66,3.54,A,10apr.18,7,Feed1,28,1,TRUE,N,N,0,NA,FALSE,FALSE,FALSE,FALSE,TRUE
F117,Small,1.17,52.5,1.45,A,10apr.18,7,Feed1,27,3,TRUE,N,N,3,Batch_3,TRUE,FALSE,FALSE,TRUE,TRUE
F118,Medium,3.69,70.5,4.19,A,10apr.18,7,Feed1,26,2,TRUE,Y,N,0,Batch_3,TRUE,FALSE,TRUE,TRUE,TRUE
F119,Medium,3.05,68,3.61,A,10apr.18,7,Feed1,27,2,TRUE,N,N,4,NA,TRUE,FALSE,TRUE,FALSE,FALSE
F012,Small,2.57,61,2.94,A,09apr.18,7,Feed1,24,2,TRUE,N,N,0,Batch_1,TRUE,TRUE,TRUE,TRUE,FALSE
F121,Medium,2.99,65.5,3.46,B,10apr.18,7,Feed1,27,3,TRUE,N,N,1,Batch_3,TRUE,FALSE,TRUE,TRUE,TRUE
F122,Medium,3.73,68,4.5,B,10apr.18,7,Feed1,25,2,TRUE,N,Y,1,Batch_3,TRUE,FALSE,TRUE,TRUE,TRUE
F123,Medium,2.85,65,3.4,B,10apr.18,7,Feed1,27,1,TRUE,N,N,3,NA,TRUE,FALSE,TRUE,FALSE,FALSE
F124,Large,4.3,70.5,5.15,B,10apr.18,7,Feed1,27,2,TRUE,N,Y,0,Batch_3,TRUE,FALSE,TRUE,TRUE,TRUE
F125,Medium,2.57,60,2.99,B,10apr.18,7,Feed1,25,2,TRUE,N,N,0,Batch_3,TRUE,TRUE,TRUE,TRUE,TRUE
F126,Medium,3.34,71,3.9,B,10apr.18,7,Feed1,26,1,TRUE,N,N,0,Batch_3,TRUE,TRUE,TRUE,TRUE,TRUE
F127,Large,4.3,73,5.07,B,10apr.18,7,Feed1,25,1,TRUE,N,Y,0,Batch_3,TRUE,TRUE,TRUE,TRUE,TRUE
F128,Medium,4.21,73,4.99,B,10apr.18,7,Feed1,26,1,TRUE,N,Y,0,Batch_3,TRUE,TRUE,TRUE,TRUE,TRUE
F129,Medium,3.61,71,4.22,B,10apr.18,7,Feed1,25,1,TRUE,N,Y,0,NA,FALSE,FALSE,FALSE,FALSE,TRUE
F013,Large,4.3,70,5.14,A,09apr.18,7,Feed1,26,1,TRUE,N,N,0,Batch_1,TRUE,TRUE,TRUE,TRUE,TRUE
F130,Medium,3.72,70,4.3,B,10apr.18,7,Feed1,26,1,TRUE,N,N,0,Batch_3,TRUE,TRUE,TRUE,TRUE,TRUE
F131,Small,2.17,60.5,2.43,A,10apr.18,7,Feed1,27,1,TRUE,N,Y,1,Batch_3,TRUE,TRUE,TRUE,TRUE,TRUE
F132,Medium,3.04,63,3.57,A,10apr.18,7,Feed1,25,2,TRUE,Y,N,1,Batch_3,FALSE,FALSE,FALSE,TRUE,TRUE
F133,Medium,3.335,65,3.9,A,10apr.18,7,Feed1,26,0,FALSE,N,Y,1,Batch_3,FALSE,FALSE,FALSE,TRUE,TRUE
F134,Medium,3.05,65,3.71,A,10apr.18,7,Feed1,26,0,FALSE,N,Y,1,Batch_3,TRUE,TRUE,TRUE,TRUE,TRUE
F135,Small,2.445,64,2.795,A,10apr.18,7,Feed1,26,2,TRUE,N,Y,0,Batch_3,TRUE,TRUE,TRUE,TRUE,TRUE
F136,Small,2.25,65.6,3.2,A,10apr.18,7,Feed1,27,0,FALSE,N,N,2,Batch_3,TRUE,TRUE,TRUE,TRUE,TRUE
F137,Medium,3.37,65,3.86,A,10apr.18,7,Feed1,28,2,TRUE,N,N,0,NA,FALSE,FALSE,FALSE,FALSE,TRUE
F138,Medium,3.24,68,3.77,A,10apr.18,7,Feed1,27,1,TRUE,N,N,0,NA,FALSE,FALSE,FALSE,FALSE,TRUE
F139,Medium,3.56,67,4.17,A,10apr.18,7,Feed1,28,1,TRUE,N,Y,0,Batch_3,TRUE,TRUE,TRUE,TRUE,TRUE
F014,Large,4.27,68.5,5.01,A,09apr.18,7,Feed1,27,1,TRUE,Y,N,0,Batch_1,TRUE,TRUE,TRUE,TRUE,TRUE
F140,Small,1.17,52,1.305,A,10apr.18,7,Feed1,26,1,TRUE,N,Y,0,Batch_3,TRUE,TRUE,TRUE,TRUE,FALSE
F141,Medium,3.87,70.5,4.55,B,10apr.18,7,Feed1,25,1,TRUE,N,N,0,Batch_3,FALSE,FALSE,FALSE,TRUE,TRUE
F142,Large,5.55,74.5,6.6,B,10apr.18,7,Feed1,27,2,TRUE,N,N,0,Batch_3,TRUE,TRUE,TRUE,TRUE,TRUE
F143,Medium,4.11,69,4.86,B,10apr.18,7,Feed1,26,0,FALSE,Y,N,0,Batch_3,TRUE,TRUE,TRUE,TRUE,TRUE
F144,Large,4.49,69,5.38,B,10apr.18,7,Feed1,26,2,TRUE,Y,N,0,Batch_3,TRUE,TRUE,TRUE,TRUE,TRUE
F145,Medium,2.94,65,3.42,B,10apr.18,7,Feed1,26,1,TRUE,N,N,0,Batch_3,TRUE,TRUE,TRUE,TRUE,TRUE
F146,Large,4.85,74.5,5.65,B,10apr.18,7,Feed1,26,2,TRUE,N,N,2,Batch_3,TRUE,TRUE,FALSE,TRUE,TRUE
F147,Small,2.3,60,2.7,B,10apr.18,7,Feed1,26,0,FALSE,N,N,1,Batch_3,TRUE,TRUE,TRUE,TRUE,TRUE
F148,Medium,3.64,68.5,4.29,B,10apr.18,7,Feed1,25,2,TRUE,N,N,0,Batch_3,TRUE,TRUE,TRUE,TRUE,TRUE
F149,Medium,3.62,69,4.35,B,10apr.18,7,Feed1,25,1,TRUE,Y,N,0,NA,FALSE,FALSE,FALSE,FALSE,TRUE
F015,Medium,3.94,68,4.74,A,09apr.18,7,Feed1,26,2,TRUE,N,N,0,Batch_1,TRUE,TRUE,TRUE,TRUE,TRUE
F150,Medium,3.35,65,3.86,B,10apr.18,7,Feed1,26,1,TRUE,N,N,0,Batch_3,TRUE,TRUE,TRUE,TRUE,TRUE
F151,Large,5.2,73,6.16,A,10apr.18,7,Feed1,27,2,TRUE,N,N,0,Batch_3,TRUE,TRUE,TRUE,TRUE,TRUE
F152,Medium,4.15,72,4.92,A,10apr.18,7,Feed1,26,2,TRUE,N,N,0,Batch_3,TRUE,TRUE,TRUE,TRUE,FALSE
F153,Medium,3.72,70,4.32,A,10apr.18,7,Feed1,25,1,TRUE,N,N,0,NA,FALSE,FALSE,FALSE,FALSE,TRUE
F154,Medium,3.18,61,3.81,A,10apr.18,7,Feed1,27,1,TRUE,N,N,0,Batch_3,TRUE,TRUE,TRUE,TRUE,TRUE
F155,Medium,3.56,67,4.28,A,10apr.18,7,Feed1,26,3,TRUE,N,N,0,NA,FALSE,FALSE,FALSE,FALSE,TRUE
F156,Medium,3.91,68,4.52,A,10apr.18,7,Feed1,27,1,TRUE,Y,N,2,NA,FALSE,FALSE,FALSE,FALSE,TRUE
F157,Large,4.54,73,5.25,A,10apr.18,7,Feed1,26,2,TRUE,N,Y,0,Batch_3,TRUE,TRUE,TRUE,TRUE,TRUE
F158,Medium,3.345,56,3.84,A,10apr.18,7,Feed1,27,2,TRUE,N,Y,1,Batch_3,TRUE,TRUE,TRUE,TRUE,TRUE
F159,Medium,4.04,72,4.97,A,10apr.18,7,Feed1,27,0,FALSE,N,Y,0,Batch_3,TRUE,TRUE,TRUE,TRUE,TRUE
F016,Large,4.76,73.5,5.64,A,09apr.18,7,Feed1,26,1,TRUE,N,N,0,Batch_1,TRUE,TRUE,TRUE,TRUE,TRUE
F160,Medium,3.215,68,3.58,A,10apr.18,7,Feed1,27,0,FALSE,N,N,0,Batch_4,TRUE,TRUE,TRUE,TRUE,TRUE
F161,Medium,3.8,69.5,4.6,B,10apr.18,7,Feed1,26,3,TRUE,N,N,0,Batch_4,TRUE,TRUE,TRUE,TRUE,TRUE
F162,Small,2.2,61.5,2.52,B,10apr.18,7,Feed1,28,1,TRUE,N,N,1,Batch_4,TRUE,TRUE,TRUE,TRUE,TRUE
F163,Small,0.94,49,1.14,B,10apr.18,7,Feed1,24,3,TRUE,N,N,0,Batch_4,TRUE,TRUE,TRUE,TRUE,TRUE
F164,Large,5.24,72,6.21,B,10apr.18,7,Feed1,26,2,TRUE,N,N,0,Batch_4,TRUE,TRUE,TRUE,TRUE,TRUE
F165,Medium,2.72,64.5,3.15,B,10apr.18,7,Feed1,26,1,TRUE,N,N,0,Batch_4,TRUE,TRUE,TRUE,TRUE,TRUE
F166,Large,5.1,73,6,B,10apr.18,7,Feed1,26,2,TRUE,N,N,0,Batch_4,TRUE,TRUE,TRUE,TRUE,TRUE
F167,Small,1.91,59,2.26,B,10apr.18,7,Feed1,24,2,TRUE,N,N,0,Batch_4,TRUE,TRUE,TRUE,TRUE,TRUE
F168,Small,1.39,55,1.68,B,10apr.18,7,Feed1,24,3,TRUE,N,Y,0,Batch_4,TRUE,TRUE,TRUE,TRUE,TRUE
F169,Medium,3.3,67.5,3.67,B,10apr.18,7,Feed1,26,1,TRUE,N,N,0,Batch_4,TRUE,TRUE,TRUE,TRUE,TRUE
F017,Large,5.23,74,6.35,A,09apr.18,7,Feed1,26,1,TRUE,N,N,0,Batch_1,TRUE,TRUE,TRUE,TRUE,TRUE
F170,Medium,3.35,65,3.9,B,10apr.18,7,Feed1,27,1,TRUE,Y,N,0,Batch_4,TRUE,TRUE,TRUE,TRUE,TRUE
F171,Small,2.35,60,2.71,A,10apr.18,7,Feed1,24,1,TRUE,N,N,0,Batch_4,TRUE,TRUE,FALSE,TRUE,TRUE
F172,Medium,3.62,69.5,4,A,10apr.18,7,Feed1,28,0,FALSE,N,N,0,NA,FALSE,FALSE,FALSE,FALSE,TRUE
F173,Large,4.56,75,5.33,A,10apr.18,7,Feed1,26,1,TRUE,N,N,0,Batch_4,TRUE,TRUE,TRUE,TRUE,TRUE
F174,Small,1.56,57,1.86,A,10apr.18,7,Feed1,24,2,TRUE,N,N,0,Batch_4,TRUE,TRUE,TRUE,TRUE,TRUE
F175,Small,1.4,55,1.68,A,10apr.18,7,Feed1,24,3,TRUE,N,N,1,NA,TRUE,TRUE,FALSE,FALSE,FALSE
F176,Medium,4.16,69,4.78,A,10apr.18,7,Feed1,26,2,TRUE,Y,N,0,NA,FALSE,FALSE,FALSE,FALSE,TRUE
F177,Medium,2.86,64,3.295,A,10apr.18,7,Feed1,27,3,TRUE,N,N,0,NA,FALSE,FALSE,FALSE,FALSE,TRUE
F178,Medium,2.85,65,3.38,A,10apr.18,7,Feed1,27,1,TRUE,N,N,0,Batch_4,TRUE,TRUE,TRUE,TRUE,TRUE
F179,Small,1.5,55,1.865,A,10apr.18,7,Feed1,27,0,FALSE,N,Y,0,Batch_4,TRUE,TRUE,FALSE,TRUE,TRUE
F018,Large,5.11,72.5,6.25,A,09apr.18,7,Feed1,26,2,TRUE,N,N,1,Batch_1,TRUE,TRUE,TRUE,TRUE,TRUE
F180,Large,5.16,76,5.95,A,10apr.18,7,Feed1,28,2,TRUE,N,N,0,Batch_4,TRUE,TRUE,FALSE,TRUE,TRUE
F181,Small,2.15,62,2.52,B,10apr.18,7,Feed1,27,1,TRUE,N,N,0,Batch_4,TRUE,TRUE,TRUE,TRUE,TRUE
F182,Large,5.15,76.5,6.01,B,10apr.18,7,Feed1,27,2,TRUE,N,N,0,Batch_4,TRUE,TRUE,TRUE,TRUE,TRUE
F183,Medium,2.63,63,3.05,B,10apr.18,7,Feed1,26,1,TRUE,N,N,0,Batch_4,TRUE,TRUE,TRUE,TRUE,TRUE
F184,Small,1.85,60.5,2.1,B,10apr.18,7,Feed1,26,1,TRUE,N,N,0,Batch_4,TRUE,TRUE,TRUE,TRUE,TRUE
F185,Large,5.4,76,6.35,B,10apr.18,7,Feed1,27,1,TRUE,N,N,0,Batch_4,TRUE,TRUE,TRUE,TRUE,TRUE
F186,Medium,3.53,67,4.3,B,10apr.18,7,Feed1,26,1,TRUE,N,N,0,NA,FALSE,FALSE,FALSE,FALSE,TRUE
F187,Small,2.35,64,2.63,B,10apr.18,7,Feed1,26,1,TRUE,N,N,0,Batch_4,TRUE,TRUE,TRUE,TRUE,TRUE
F188,Medium,3.43,65,3.9,B,10apr.18,7,Feed1,26,1,TRUE,N,N,1,Batch_4,TRUE,TRUE,TRUE,TRUE,TRUE
F189,Small,1.17,52,1.35,B,10apr.18,7,Feed1,23,2,TRUE,N,N,1,Batch_4,FALSE,TRUE,TRUE,TRUE,TRUE
F019,Large,4.27,71.5,5.23,A,09apr.18,7,Feed1,26,1,TRUE,N,Y,0,Batch_1,TRUE,TRUE,TRUE,TRUE,TRUE
F190,Medium,3.22,70,3.84,B,10apr.18,7,Feed1,26,1,TRUE,N,N,0,NA,FALSE,FALSE,FALSE,FALSE,TRUE
F191,Medium,2.7,67,3.26,A,10apr.18,7,Feed1,27,0,FALSE,N,N,0,Batch_4,TRUE,TRUE,TRUE,TRUE,TRUE
F192,Medium,2.81,64.5,3.33,A,10apr.18,7,Feed1,27,2,TRUE,N,N,0,Batch_4,TRUE,TRUE,TRUE,TRUE,TRUE
F193,Medium,3.26,66,3.93,A,10apr.18,7,Feed1,26,2,TRUE,Y,N,1,NA,FALSE,FALSE,FALSE,FALSE,TRUE
F194,Medium,3.47,66,4.11,A,10apr.18,7,Feed1,27,2,TRUE,N,N,0,Batch_4,TRUE,TRUE,TRUE,TRUE,TRUE
F195,Medium,3.91,70.5,4.58,A,10apr.18,7,Feed1,26,1,TRUE,N,N,0,Batch_4,TRUE,TRUE,TRUE,TRUE,TRUE
F196,Medium,2.97,67,3.35,A,10apr.18,7,Feed1,27,2,TRUE,N,N,1,Batch_4,TRUE,TRUE,TRUE,TRUE,FALSE
F197,Medium,3.23,65.5,3.8,A,10apr.18,7,Feed1,26,2,TRUE,N,N,0,Batch_4,TRUE,TRUE,TRUE,TRUE,TRUE
F198,Medium,3.28,66.5,3.81,A,10apr.18,7,Feed1,27,0,FALSE,N,N,0,Batch_4,TRUE,TRUE,TRUE,TRUE,TRUE
F199,Medium,2.67,64,3.1,A,10apr.18,7,Feed1,27,0,FALSE,N,N,0,NA,FALSE,FALSE,FALSE,FALSE,TRUE
F002,Medium,4.18,69.5,4.87,B,09apr.18,7,Feed1,25,2,TRUE,N,N,0,Batch_1,TRUE,TRUE,TRUE,TRUE,TRUE
F020,Small,1.57,55,1.95,A,09apr.18,7,Feed1,23,3,TRUE,N,N,0,Batch_1,TRUE,TRUE,TRUE,TRUE,TRUE
F200,Small,1.66,56.5,1.93,A,10apr.18,7,Feed1,27,1,TRUE,N,N,0,Batch_4,TRUE,TRUE,TRUE,TRUE,TRUE
F201,Small,2.47,63.5,3.01,A,10apr.18,7,Feed1,27,0,FALSE,N,N,0,Batch_4,TRUE,TRUE,TRUE,TRUE,TRUE
F202,Small,2.05,61,2.45,A,10apr.18,7,Feed1,26,0,FALSE,N,N,0,Batch_4,TRUE,TRUE,TRUE,TRUE,FALSE
F203,Medium,3.46,69,3.96,A,10apr.18,7,Feed1,25,2,TRUE,N,N,0,Batch_4,TRUE,TRUE,FALSE,TRUE,TRUE
F204,Medium,2.91,67,3.3,A,10apr.18,7,Feed1,26,2,TRUE,N,Y,0,Batch_4,TRUE,TRUE,TRUE,TRUE,TRUE
F205,Medium,2.78,64.5,3.31,A,10apr.18,7,Feed1,26,2,TRUE,N,N,0,Batch_4,TRUE,TRUE,TRUE,TRUE,FALSE
F206,Medium,2.84,63,3.33,A,10apr.18,7,Feed1,26,2,TRUE,N,Y,1,NA,FALSE,FALSE,FALSE,FALSE,TRUE
F207,Large,4.37,72.5,5.02,A,10apr.18,7,Feed1,26,2,TRUE,N,N,1,Batch_4,TRUE,TRUE,TRUE,TRUE,TRUE
F208,Medium,3.27,70,3.83,A,10apr.18,7,Feed1,27,0,FALSE,N,N,0,Batch_4,TRUE,TRUE,TRUE,TRUE,TRUE
F209,Medium,2.77,63,3.41,A,10apr.18,7,Feed1,27,2,TRUE,Y,Y,0,NA,FALSE,FALSE,FALSE,FALSE,TRUE
F021,Medium,3.5,71,4.08,B,09apr.18,7,Feed1,26,0,FALSE,N,Y,0,NA,FALSE,FALSE,FALSE,FALSE,TRUE
F210,Medium,3.15,70,3.63,A,10apr.18,7,Feed1,26,2,TRUE,N,N,0,NA,FALSE,FALSE,FALSE,FALSE,TRUE
F022,Large,4.28,72.5,4.93,B,09apr.18,7,Feed1,26,1,TRUE,N,N,0,Batch_1,TRUE,TRUE,TRUE,TRUE,TRUE
F023,Small,1.47,54.5,1.8,B,09apr.18,7,Feed1,24,2,TRUE,N,N,0,Batch_1,TRUE,TRUE,TRUE,TRUE,TRUE
F024,Small,1.48,57,1.74,B,09apr.18,7,Feed1,24,1,TRUE,N,N,0,Batch_1,TRUE,TRUE,TRUE,TRUE,TRUE
F025,Small,0.995,50,1.25,B,09apr.18,7,Feed1,22,2,TRUE,N,N,0,Batch_1,TRUE,TRUE,TRUE,TRUE,TRUE
F026,Small,2.05,59,2.49,B,09apr.18,7,Feed1,26,2,TRUE,N,N,0,Batch_1,TRUE,TRUE,TRUE,TRUE,TRUE
F027,Medium,3.92,71.5,4.64,B,09apr.18,7,Feed1,27,0,FALSE,N,N,1,Batch_1,TRUE,TRUE,TRUE,TRUE,TRUE
F028,Small,1.77,56,2.05,B,09apr.18,7,Feed1,25,1,TRUE,N,N,0,Batch_1,TRUE,TRUE,TRUE,TRUE,TRUE
F029,Large,4.71,71,5.67,B,09apr.18,7,Feed1,27,3,TRUE,N,N,0,Batch_2,TRUE,TRUE,TRUE,TRUE,TRUE
F003,Large,5.89,78,7.02,B,09apr.18,7,Feed1,24,0,FALSE,N,N,1,Batch_1,TRUE,TRUE,TRUE,TRUE,TRUE
F030,Large,4.37,74.5,5.13,B,09apr.18,7,Feed1,27,2,TRUE,N,N,0,NA,TRUE,TRUE,FALSE,FALSE,TRUE
F031,Small,1.31,52,1.555,A,09apr.18,7,Feed1,25,3,TRUE,Y,N,3,Batch_2,TRUE,TRUE,TRUE,TRUE,TRUE
F032,Large,5.11,73,6.08,A,09apr.18,7,Feed1,26,0,FALSE,N,Y,0,Batch_2,TRUE,TRUE,FALSE,TRUE,TRUE
F033,Medium,3.81,68,4.54,A,09apr.18,7,Feed1,25,3,TRUE,N,Y,0,Batch_2,TRUE,TRUE,TRUE,TRUE,TRUE
F034,Small,1.1,50.5,1.365,A,09apr.18,7,Feed1,27,3,TRUE,N,N,0,Batch_2,FALSE,TRUE,TRUE,TRUE,TRUE
F035,Medium,3.96,68,4.77,A,09apr.18,7,Feed1,26,2,TRUE,N,N,0,Batch_2,FALSE,TRUE,FALSE,TRUE,TRUE
F036,Large,4.39,68,5.25,A,09apr.18,7,Feed1,25,1,TRUE,Y,N,1,Batch_2,FALSE,TRUE,FALSE,TRUE,TRUE
F037,Large,4.75,75,5.55,A,09apr.18,7,Feed1,26,3,TRUE,N,N,0,Batch_2,FALSE,TRUE,FALSE,TRUE,TRUE
F038,Small,2.145,63,2.47,A,09apr.18,7,Feed1,26,1,TRUE,N,N,0,NA,FALSE,TRUE,TRUE,FALSE,TRUE
F039,Small,1.47,54,1.73,A,09apr.18,7,Feed1,24,2,TRUE,N,N,2,Batch_2,TRUE,TRUE,TRUE,TRUE,TRUE
F004,Large,4.89,70,5.78,B,09apr.18,7,Feed1,23,1,TRUE,Y,N,0,Batch_1,TRUE,TRUE,TRUE,TRUE,TRUE
F040,Small,1.62,58,1.93,A,09apr.18,7,Feed1,24,3,TRUE,N,N,2,NA,TRUE,TRUE,TRUE,FALSE,TRUE
F041,Large,4.43,70,5.08,B,09apr.18,7,Feed1,25,2,TRUE,N,N,0,Batch_2,TRUE,TRUE,TRUE,TRUE,FALSE
F042,Small,0.92,49,1.11,B,09apr.18,7,Feed1,21,3,TRUE,N,N,1,NA,TRUE,TRUE,TRUE,FALSE,TRUE
F421,Large,6.29,81,7.57,C,13apr.18,7,Feed1,27,1,TRUE,N,N,0,NA,TRUE,TRUE,FALSE,FALSE,TRUE
F422,Large,4.72,72,5.62,C,13apr.18,7,Feed1,28,2,TRUE,N,N,0,NA,TRUE,TRUE,TRUE,FALSE,TRUE
F423,Large,5.4,73,6.35,C,13apr.18,7,Feed1,27,1,TRUE,Y,N,0,NA,TRUE,TRUE,FALSE,FALSE,FALSE
F424,Large,5.13,74.5,5.92,C,13apr.18,7,Feed1,26,1,TRUE,N,N,0,NA,TRUE,TRUE,TRUE,FALSE,TRUE
F425,Large,4.88,72.5,5.58,C,13apr.18,7,Feed1,26,2,TRUE,Y,Y,0,NA,TRUE,TRUE,TRUE,FALSE,FALSE
F426,Large,5.29,74.5,6.27,C,13apr.18,7,Feed1,26,2,TRUE,Y,N,0,NA,TRUE,TRUE,TRUE,FALSE,TRUE
F427,Large,5.24,77,6.04,C,13apr.18,7,Feed1,26,0,FALSE,N,N,0,NA,TRUE,TRUE,FALSE,FALSE,TRUE
F428,Large,4.56,75,5.4,C,13apr.18,7,Feed1,26,0,FALSE,N,N,0,NA,TRUE,TRUE,FALSE,FALSE,TRUE
F429,Large,6.31,79.5,7.1,C,13apr.18,7,Feed1,27,0,FALSE,N,N,0,NA,TRUE,TRUE,TRUE,FALSE,FALSE
F043,Small,1.7,58,1.9,B,09apr.18,7,Feed1,22,1,TRUE,N,N,0,Batch_2,TRUE,TRUE,TRUE,TRUE,TRUE
F430,Large,5.42,72.5,6.25,C,13apr.18,7,Feed1,26,2,TRUE,Y,N,1,NA,TRUE,TRUE,FALSE,FALSE,TRUE
F431,Medium,4.14,73.5,4.72,E,13apr.18,7,Feed1,26,2,TRUE,N,Y,0,NA,FALSE,FALSE,FALSE,FALSE,TRUE
F432,Large,4.93,73,5.74,E,13apr.18,7,Feed1,26,1,TRUE,N,N,0,NA,TRUE,TRUE,FALSE,FALSE,TRUE
F433,Large,4.81,72.5,5.73,E,13apr.18,7,Feed1,24,2,TRUE,Y,N,0,NA,TRUE,TRUE,TRUE,FALSE,TRUE
F434,Large,5.59,80,6.57,E,13apr.18,7,Feed1,26,0,FALSE,N,N,0,NA,TRUE,TRUE,TRUE,FALSE,FALSE
F435,Medium,3.77,71,4.42,E,13apr.18,7,Feed1,23,0,FALSE,N,Y,1,NA,TRUE,TRUE,TRUE,FALSE,FALSE
F436,Large,5.61,76.5,6.48,E,13apr.18,7,Feed1,24,1,TRUE,N,Y,0,NA,TRUE,TRUE,FALSE,FALSE,TRUE
F437,Large,5.64,75,6.54,E,13apr.18,7,Feed1,26,0,FALSE,Y,N,0,NA,TRUE,TRUE,FALSE,FALSE,TRUE
F438,Large,5.17,77,5.9,E,13apr.18,7,Feed1,28,1,TRUE,N,N,0,NA,TRUE,TRUE,TRUE,FALSE,TRUE
F439,Medium,4.15,70,4.9,E,13apr.18,7,Feed1,27,1,TRUE,Y,Y,0,NA,TRUE,TRUE,FALSE,FALSE,TRUE
F044,Small,2.3,65,2.83,B,09apr.18,7,Feed1,22,3,TRUE,N,N,0,Batch_2,TRUE,TRUE,TRUE,TRUE,FALSE
F440,Large,4.29,71,5.01,E,13apr.18,7,Feed1,26,0,FALSE,N,N,0,NA,TRUE,TRUE,TRUE,FALSE,TRUE
F441,Large,4.38,74,4.95,C,13apr.18,7,Feed1,25,1,TRUE,N,N,1,NA,TRUE,TRUE,TRUE,FALSE,TRUE
F442,Large,6.17,80,7.2,C,13apr.18,7,Feed1,26,2,TRUE,N,N,0,NA,TRUE,TRUE,FALSE,FALSE,TRUE
F443,Large,4.33,70,5.01,C,13apr.18,7,Feed1,26,1,TRUE,Y,N,0,NA,TRUE,TRUE,TRUE,FALSE,TRUE
F444,Large,4.22,74,4.99,C,13apr.18,7,Feed1,26,2,TRUE,N,N,0,NA,TRUE,TRUE,FALSE,FALSE,TRUE
F445,Small,1.11,52.5,1.33,C,13apr.18,7,Feed1,24,3,TRUE,N,N,0,NA,TRUE,TRUE,TRUE,FALSE,FALSE
F446,Large,5.11,76,5.83,C,13apr.18,7,Feed1,27,0,FALSE,N,N,0,NA,TRUE,TRUE,TRUE,FALSE,TRUE
F447,Large,4.5,72.5,5.23,C,13apr.18,7,Feed1,25,0,FALSE,Y,N,0,NA,TRUE,TRUE,TRUE,FALSE,TRUE
F448,Small,1.58,58,1.775,C,13apr.18,7,Feed1,24,1,TRUE,N,N,0,NA,TRUE,TRUE,TRUE,FALSE,TRUE
F449,Large,4.94,73,5.64,C,13apr.18,7,Feed1,26,1,TRUE,Y,N,0,NA,TRUE,TRUE,FALSE,FALSE,TRUE
F045,Large,4.44,74,5.26,B,09apr.18,7,Feed1,26,3,TRUE,N,N,0,NA,TRUE,TRUE,TRUE,FALSE,TRUE
F450,Small,1.645,60,1.85,C,13apr.18,7,Feed1,25,1,TRUE,N,N,0,NA,TRUE,TRUE,TRUE,FALSE,FALSE
F451,Large,4.84,74,5.62,E,13apr.18,7,Feed1,26,2,TRUE,N,N,0,NA,TRUE,TRUE,FALSE,FALSE,TRUE
F452,Large,4.75,73,5.48,E,13apr.18,7,Feed1,27,3,TRUE,N,N,0,NA,TRUE,FALSE,FALSE,FALSE,TRUE
F454,Large,4.32,72,5,E,13apr.18,7,Feed1,26,3,TRUE,N,Y,0,NA,TRUE,FALSE,FALSE,FALSE,TRUE
F455,Large,5,75,5.78,E,13apr.18,7,Feed1,26,3,TRUE,Y,Y,0,NA,TRUE,FALSE,FALSE,FALSE,TRUE
F456,Small,1.98,58.5,2.17,E,13apr.18,7,Feed1,25,0,FALSE,N,N,0,NA,TRUE,FALSE,TRUE,FALSE,FALSE
F457,Small,1.04,52,1.23,E,13apr.18,7,Feed1,23,3,TRUE,N,Y,1,NA,TRUE,FALSE,FALSE,FALSE,TRUE
F458,Small,1.12,51,1.36,E,13apr.18,7,Feed1,23,3,TRUE,N,Y,0,NA,TRUE,FALSE,TRUE,FALSE,FALSE
F459,Small,0.96,52,1.17,E,13apr.18,7,Feed1,24,3,TRUE,N,Y,0,NA,TRUE,FALSE,TRUE,FALSE,TRUE
F046,Small,1.67,57,1.91,B,09apr.18,7,Feed1,22,1,TRUE,N,Y,0,Batch_2,TRUE,TRUE,FALSE,TRUE,TRUE
F460,Medium,4,64,4.6,E,13apr.18,7,Feed1,27,2,TRUE,Y,N,0,NA,TRUE,TRUE,FALSE,FALSE,TRUE
F461,Medium,3.89,69.5,4.52,C,13apr.18,7,Feed1,27,2,TRUE,N,N,0,NA,TRUE,TRUE,TRUE,FALSE,TRUE
F462,Medium,4.11,68,4.84,C,13apr.18,7,Feed1,27,2,TRUE,Y,N,0,NA,TRUE,FALSE,FALSE,FALSE,TRUE
F463,Medium,4.1,69,4.87,C,13apr.18,7,Feed1,26,2,TRUE,N,Y,0,NA,TRUE,FALSE,FALSE,FALSE,TRUE
F047,Small,1.44,55.5,1.7,B,09apr.18,7,Feed1,22,1,TRUE,N,N,0,Batch_2,TRUE,TRUE,TRUE,TRUE,TRUE
F048,Medium,4,67,4.67,B,09apr.18,7,Feed1,26,3,TRUE,Y,N,0,Batch_2,TRUE,TRUE,FALSE,TRUE,TRUE
F049,Small,1.6,55,1.87,B,09apr.18,7,Feed1,26,1,TRUE,N,N,1,Batch_2,TRUE,TRUE,TRUE,TRUE,TRUE
F005,Medium,3.98,69,4.56,B,09apr.18,7,Feed1,26,1,TRUE,N,N,0,Batch_1,TRUE,TRUE,TRUE,TRUE,TRUE
F050,Small,1.7,57,2.07,B,09apr.18,7,Feed1,23,2,TRUE,N,N,0,Batch_2,TRUE,TRUE,TRUE,TRUE,TRUE
F051,Small,1.18,53,1.355,A,09apr.18,7,Feed1,26,1,TRUE,N,N,0,Batch_2,TRUE,TRUE,FALSE,TRUE,TRUE
F052,Medium,3.25,68.5,4.28,A,09apr.18,7,Feed1,28,0,FALSE,Y,N,1,NA,FALSE,FALSE,FALSE,FALSE,TRUE
F053,Small,2.01,61,2.27,A,09apr.18,7,Feed1,25,0,FALSE,N,N,0,Batch_2,TRUE,TRUE,TRUE,TRUE,TRUE
F054,Small,2.14,60,2.45,A,09apr.18,7,Feed1,26,1,TRUE,N,N,0,Batch_2,TRUE,TRUE,FALSE,TRUE,TRUE
F055,Large,4.6,73.5,5.51,A,09apr.18,7,Feed1,28,0,FALSE,N,N,0,NA,TRUE,TRUE,TRUE,FALSE,TRUE
F056,Small,1.165,51,1.4,A,09apr.18,7,Feed1,23,2,TRUE,N,N,1,NA,TRUE,TRUE,TRUE,FALSE,TRUE
F057,Large,4.85,70.5,5.75,A,09apr.18,7,Feed1,26,2,TRUE,Y,N,0,Batch_2,TRUE,TRUE,FALSE,TRUE,TRUE
F058,Small,2.115,61.5,2.47,A,09apr.18,7,Feed1,24,2,TRUE,N,N,2,NA,TRUE,TRUE,FALSE,FALSE,TRUE
F059,Large,4.45,74.5,5.42,A,09apr.18,7,Feed1,27,1,TRUE,N,Y,0,Batch_2,TRUE,TRUE,FALSE,TRUE,TRUE
F006,Small,2.01,57,2.4,B,09apr.18,7,Feed1,23,1,TRUE,N,N,1,Batch_1,TRUE,TRUE,TRUE,TRUE,TRUE
F060,Medium,3.57,68,4.17,A,09apr.18,7,Feed1,25,1,TRUE,N,N,0,Batch_2,TRUE,TRUE,FALSE,TRUE,TRUE
F061,Medium,3.51,69,4.09,B,09apr.18,7,Feed1,26,2,TRUE,N,N,0,NA,FALSE,FALSE,FALSE,FALSE,TRUE
F062,Small,1.72,57,2.12,B,09apr.18,7,Feed1,24,1,TRUE,N,Y,0,Batch_2,TRUE,TRUE,TRUE,TRUE,TRUE
F063,Medium,3.7,69.5,4.55,B,09apr.18,7,Feed1,26,1,TRUE,N,N,0,Batch_2,TRUE,TRUE,TRUE,TRUE,TRUE
F064,Small,0.78,45,1.04,B,09apr.18,7,Feed1,26,2,TRUE,N,N,3,Batch_2,TRUE,TRUE,TRUE,TRUE,FALSE
F065,Small,1.4,54,1.69,B,09apr.18,7,Feed1,23,2,TRUE,N,N,0,NA,FALSE,TRUE,TRUE,FALSE,TRUE
F066,Small,1.48,56,1.75,B,09apr.18,7,Feed1,23,1,TRUE,N,N,0,Batch_2,FALSE,TRUE,TRUE,TRUE,TRUE
F067,Large,4.26,73.5,4.84,B,09apr.18,7,Feed1,25,2,TRUE,N,Y,0,NA,FALSE,FALSE,FALSE,FALSE,TRUE
F068,Small,1.54,53,1.82,B,09apr.18,7,Feed1,24,2,TRUE,N,N,0,Batch_2,TRUE,TRUE,TRUE,TRUE,TRUE
F069,Small,1.8,56.5,1.99,B,09apr.18,7,Feed1,23,1,TRUE,N,N,0,Batch_2,TRUE,TRUE,TRUE,TRUE,TRUE
F007,Large,4.74,70,5.6,B,09apr.18,7,Feed1,25,1,TRUE,Y,N,0,NA,TRUE,TRUE,FALSE,FALSE,FALSE
F070,Medium,3.21,69,3.72,B,09apr.18,7,Feed1,24,0,FALSE,N,N,2,NA,FALSE,FALSE,FALSE,FALSE,TRUE
F071,Small,0.935,49,1.14,A,09apr.18,7,Feed1,22,2,TRUE,N,N,0,Batch_2,TRUE,TRUE,FALSE,TRUE,TRUE
F072,Medium,2.9,64.5,3.62,A,09apr.18,7,Feed1,24,3,TRUE,N,N,0,NA,FALSE,FALSE,FALSE,FALSE,TRUE
F073,Medium,2.9,64,3.3,A,09apr.18,7,Feed1,26,2,TRUE,N,N,3,Batch_2,TRUE,TRUE,TRUE,TRUE,TRUE
F074,Medium,3.57,66.5,4.26,A,09apr.18,7,Feed1,27,2,TRUE,N,N,1,Batch_2,TRUE,TRUE,FALSE,TRUE,TRUE
F075,Medium,3.55,70,4.25,A,09apr.18,7,Feed1,26,0,FALSE,N,N,0,NA,FALSE,FALSE,FALSE,FALSE,TRUE
F076,Medium,3.69,70,4.33,A,09apr.18,7,Feed1,26,2,TRUE,N,N,1,Batch_2,TRUE,TRUE,TRUE,TRUE,TRUE
F077,Medium,3.42,67,4.11,A,09apr.18,7,Feed1,26,0,FALSE,Y,N,0,Batch_2,FALSE,FALSE,FALSE,TRUE,TRUE
F078,Small,1.41,54,1.67,A,09apr.18,7,Feed1,23,1,TRUE,N,N,0,Batch_2,TRUE,TRUE,TRUE,TRUE,TRUE
F079,Small,1.86,58,2.26,A,09apr.18,7,Feed1,25,3,TRUE,N,N,0,Batch_2,TRUE,TRUE,FALSE,TRUE,TRUE
F008,Large,4.7,71.5,5.65,B,09apr.18,7,Feed1,25,1,TRUE,Y,N,0,Batch_1,TRUE,TRUE,TRUE,TRUE,TRUE
F080,Small,2.57,64,3.09,A,09apr.18,7,Feed1,26,3,TRUE,N,N,0,Batch_2,TRUE,TRUE,FALSE,TRUE,TRUE
F081,Medium,4.04,67.5,4.8,A,09apr.18,7,Feed1,25,1,TRUE,N,N,0,Batch_2,TRUE,TRUE,FALSE,TRUE,TRUE
F082,Large,4.75,71,5.41,B,10apr.18,7,Feed1,25,1,TRUE,Y,N,1,NA,TRUE,TRUE,TRUE,FALSE,TRUE
F083,Small,2.33,61,2.77,B,10apr.18,7,Feed1,27,2,TRUE,N,Y,1,Batch_2,TRUE,TRUE,TRUE,TRUE,FALSE
F084,Medium,2.76,62,3.2,B,10apr.18,7,Feed1,25,1,TRUE,N,N,2,Batch_2,TRUE,TRUE,TRUE,TRUE,TRUE
F085,Medium,3.49,65.5,4.18,B,10apr.18,7,Feed1,25,2,TRUE,N,N,0,Batch_2,TRUE,TRUE,TRUE,TRUE,TRUE
F086,Medium,3.97,69,4.6,B,10apr.18,7,Feed1,28,2,TRUE,N,N,0,Batch_2,TRUE,TRUE,TRUE,TRUE,TRUE
F087,Small,1.51,56.5,1.69,B,10apr.18,7,Feed1,27,0,FALSE,N,N,0,Batch_2,TRUE,TRUE,TRUE,TRUE,TRUE
F088,Medium,3.06,68,3.6,B,10apr.18,7,Feed1,26,2,TRUE,Y,N,0,NA,FALSE,FALSE,FALSE,FALSE,TRUE
F089,Medium,3.46,68.5,4.1,B,10apr.18,7,Feed1,27,2,TRUE,Y,N,0,NA,FALSE,FALSE,FALSE,FALSE,TRUE
F009,Medium,3.9,71,4.79,B,09apr.18,7,Feed1,27,0,FALSE,N,N,0,NA,FALSE,FALSE,FALSE,FALSE,TRUE
F090,Large,4.91,71,5.62,B,10apr.18,7,Feed1,26,1,TRUE,Y,N,1,Batch_2,TRUE,TRUE,FALSE,TRUE,TRUE
F091,Medium,3.47,67,4.04,A,10apr.18,7,Feed1,26,3,TRUE,N,N,1,Batch_2,TRUE,TRUE,FALSE,TRUE,TRUE
F092,Medium,3.115,69,3.56,A,10apr.18,7,Feed1,27,1,TRUE,N,N,2,Batch_3,TRUE,TRUE,FALSE,TRUE,FALSE
F093,Medium,3.63,64,4.22,A,10apr.18,7,Feed1,28,2,TRUE,N,Y,0,Batch_3,TRUE,TRUE,FALSE,TRUE,TRUE
F094,Medium,2.77,65,3.15,A,10apr.18,7,Feed1,27,1,TRUE,N,N,2,Batch_3,TRUE,TRUE,TRUE,TRUE,TRUE
F095,Small,2.4,60.5,2.87,A,10apr.18,7,Feed1,26,2,TRUE,N,N,0,Batch_3,TRUE,TRUE,TRUE,TRUE,FALSE
F096,Medium,3.91,71.5,4.63,A,10apr.18,7,Feed1,26,0,FALSE,N,N,1,NA,FALSE,FALSE,FALSE,FALSE,TRUE
F097,Large,4.31,69.5,5.11,A,10apr.18,7,Feed1,26,2,TRUE,N,N,0,Batch_3,TRUE,TRUE,TRUE,TRUE,TRUE
F098,Small,2.485,63,3.09,A,10apr.18,7,Feed1,27,2,TRUE,N,N,0,Batch_3,TRUE,TRUE,FALSE,TRUE,TRUE
F099,Medium,3.065,65,3.48,A,10apr.18,7,Feed1,27,1,TRUE,N,N,1,Batch_3,TRUE,TRUE,FALSE,TRUE,TRUE
F211,Large,5.01,74.5,5.94,C,11apr.18,3,Feed2,28,1,TRUE,N,N,0,Batch_1,TRUE,TRUE,TRUE,TRUE,FALSE
F212,Large,5.58,79,6.52,C,11apr.18,3,Feed2,27,1,TRUE,N,N,0,Batch_1,TRUE,TRUE,FALSE,TRUE,TRUE
F213,Medium,2.63,63,3.07,C,11apr.18,3,Feed2,26,1,TRUE,N,N,0,Batch_1,TRUE,TRUE,TRUE,TRUE,TRUE
F214,Small,1.9,58.5,2.22,C,11apr.18,3,Feed2,25,3,TRUE,N,N,0,Batch_1,TRUE,TRUE,TRUE,TRUE,TRUE
F215,Large,4.53,73.5,5.2,C,11apr.18,3,Feed2,27,1,TRUE,N,N,0,Batch_1,TRUE,TRUE,TRUE,TRUE,TRUE
F216,Large,4.86,75,5.79,C,11apr.18,3,Feed2,26,1,TRUE,N,N,0,Batch_1,TRUE,TRUE,TRUE,TRUE,TRUE
F217,Large,4.39,75,5.2,C,11apr.18,3,Feed2,26,1,TRUE,N,N,0,Batch_1,TRUE,TRUE,FALSE,TRUE,TRUE
F218,Medium,3.33,69,4.09,C,11apr.18,3,Feed2,25,1,TRUE,N,N,0,Batch_1,TRUE,TRUE,TRUE,TRUE,TRUE
F219,Medium,3.03,67,3.62,C,11apr.18,3,Feed2,27,0,FALSE,N,N,0,Batch_1,TRUE,TRUE,TRUE,TRUE,TRUE
F220,Large,4.21,71,4.95,C,11apr.18,3,Feed2,26,0,FALSE,N,N,0,Batch_1,TRUE,TRUE,FALSE,TRUE,TRUE
F221,Large,5.28,76,6.25,D,11apr.18,3,Feed2,26,1,TRUE,N,N,0,Batch_1,TRUE,TRUE,TRUE,TRUE,TRUE
F222,Small,2.59,65,3.095,D,11apr.18,3,Feed2,27,0,FALSE,N,N,0,Batch_1,TRUE,TRUE,TRUE,TRUE,FALSE
F223,Medium,3.59,69,4.15,D,11apr.18,3,Feed2,27,0,FALSE,N,N,0,Batch_1,TRUE,TRUE,TRUE,TRUE,TRUE
F224,Medium,3.62,66.5,4.29,D,11apr.18,3,Feed2,27,2,TRUE,N,N,0,Batch_1,TRUE,TRUE,TRUE,TRUE,TRUE
F225,Medium,2.73,65,3.25,D,11apr.18,3,Feed2,27,1,TRUE,N,N,0,Batch_1,TRUE,TRUE,FALSE,TRUE,TRUE
F226,Small,2.535,63,2.91,D,11apr.18,3,Feed2,28,1,TRUE,N,Y,0,Batch_1,TRUE,TRUE,TRUE,TRUE,TRUE
F227,Large,5.43,75,6.12,D,11apr.18,3,Feed2,28,1,TRUE,N,Y,0,Batch_1,TRUE,FALSE,TRUE,TRUE,TRUE
F228,Small,1.665,55,2.015,D,11apr.18,3,Feed2,26,2,TRUE,N,N,2,Batch_1,TRUE,TRUE,TRUE,TRUE,FALSE
F229,Medium,3.145,66,3.75,D,11apr.18,3,Feed2,28,0,FALSE,N,N,0,Batch_1,TRUE,FALSE,TRUE,TRUE,TRUE
F230,Large,4.73,74,5.52,D,11apr.18,3,Feed2,29,0,FALSE,N,N,0,Batch_1,TRUE,TRUE,TRUE,TRUE,TRUE
F231,Large,4.69,73,5.67,C,11apr.18,3,Feed2,27,1,TRUE,N,N,0,Batch_1,TRUE,TRUE,TRUE,TRUE,TRUE
F232,Small,1.11,51,1.295,C,11apr.18,3,Feed2,27,1,TRUE,N,Y,1,Batch_1,TRUE,TRUE,TRUE,TRUE,TRUE
F233,Large,5.18,76,5.95,C,11apr.18,3,Feed2,27,0,FALSE,N,N,0,Batch_1,TRUE,TRUE,TRUE,TRUE,TRUE
F234,Small,1.615,57,1.88,C,11apr.18,3,Feed2,26,2,TRUE,N,Y,0,Batch_1,TRUE,TRUE,TRUE,TRUE,TRUE
F235,Medium,3.15,67,3.77,C,11apr.18,3,Feed2,26,1,TRUE,N,N,0,Batch_1,TRUE,FALSE,TRUE,TRUE,TRUE
F236,Medium,2.76,62,3.23,C,11apr.18,3,Feed2,28,1,TRUE,N,N,0,Batch_2,TRUE,FALSE,TRUE,TRUE,TRUE
F237,Small,2.155,59,2.485,C,11apr.18,3,Feed2,27,1,TRUE,N,Y,0,Batch_2,TRUE,FALSE,TRUE,TRUE,TRUE
F238,Small,1.795,57,2.16,C,11apr.18,3,Feed2,27,1,TRUE,N,N,0,Batch_2,TRUE,FALSE,TRUE,TRUE,FALSE
F239,Large,4.58,74,5.44,C,11apr.18,3,Feed2,28,1,TRUE,N,N,0,Batch_2,TRUE,FALSE,TRUE,TRUE,TRUE
F240,Large,4.61,71,5.45,C,11apr.18,3,Feed2,28,1,TRUE,N,N,0,Batch_2,TRUE,FALSE,TRUE,TRUE,TRUE
F241,Large,6.88,79.5,8.23,D,11apr.18,3,Feed2,28,0,FALSE,N,Y,0,NA,TRUE,FALSE,TRUE,FALSE,FALSE
F242,Small,0.99,49,1.16,D,11apr.18,3,Feed2,25,3,TRUE,N,N,0,NA,TRUE,FALSE,TRUE,FALSE,TRUE
F243,Small,0.85,50,1.02,D,11apr.18,3,Feed2,27,1,TRUE,N,N,0,NA,TRUE,TRUE,TRUE,FALSE,TRUE
F244,Small,1.47,57,1.73,D,11apr.18,3,Feed2,26,1,TRUE,N,N,1,NA,TRUE,TRUE,FALSE,FALSE,TRUE
F245,Medium,4.01,73.5,4.58,D,11apr.18,3,Feed2,27,1,TRUE,N,N,0,Batch_2,TRUE,TRUE,TRUE,TRUE,TRUE
F246,Medium,3,64.5,3.45,D,11apr.18,3,Feed2,28,0,FALSE,N,N,0,Batch_2,TRUE,TRUE,TRUE,TRUE,FALSE
F247,Large,5,76,5.9,D,11apr.18,3,Feed2,28,1,TRUE,N,Y,0,Batch_2,TRUE,TRUE,TRUE,TRUE,TRUE
F248,Small,1.6,56,1.87,D,11apr.18,3,Feed2,27,2,TRUE,N,N,0,NA,TRUE,TRUE,TRUE,FALSE,TRUE
F249,Medium,2.99,66,3.52,D,11apr.18,3,Feed2,27,2,TRUE,Y,N,0,Batch_2,TRUE,TRUE,TRUE,TRUE,TRUE
F250,Large,5.59,78.5,6.75,D,11apr.18,3,Feed2,28,1,TRUE,N,Y,0,Batch_2,TRUE,TRUE,TRUE,TRUE,TRUE
F251,Large,5.48,78,6.4,C,11apr.18,3,Feed2,27,1,TRUE,N,Y,0,Batch_2,TRUE,FALSE,TRUE,TRUE,TRUE
F252,Large,5.38,75,6.36,C,11apr.18,3,Feed2,28,1,TRUE,N,N,0,Batch_2,TRUE,TRUE,TRUE,TRUE,TRUE
F253,Large,5.23,75,6.12,C,11apr.18,3,Feed2,28,0,FALSE,N,N,0,Batch_2,TRUE,TRUE,TRUE,TRUE,TRUE
F254,Medium,3.91,66,4.49,C,11apr.18,3,Feed2,27,1,TRUE,N,N,2,Batch_2,TRUE,TRUE,TRUE,TRUE,FALSE
F255,Large,4.22,68,5.13,C,11apr.18,3,Feed2,28,1,TRUE,N,N,0,Batch_2,TRUE,TRUE,FALSE,TRUE,TRUE
F256,Medium,3.315,66,3.83,C,11apr.18,3,Feed2,28,2,TRUE,N,Y,0,Batch_2,TRUE,TRUE,TRUE,TRUE,TRUE
F257,Large,4.37,73,4.88,C,11apr.18,3,Feed2,28,0,FALSE,N,N,0,Batch_2,TRUE,TRUE,TRUE,TRUE,TRUE
F258,Large,4.37,72.5,5.15,C,11apr.18,3,Feed2,28,1,TRUE,N,Y,0,Batch_2,TRUE,TRUE,TRUE,TRUE,TRUE
F259,Small,1.8,59,2.14,C,11apr.18,3,Feed2,27,3,TRUE,N,Y,1,NA,TRUE,TRUE,TRUE,FALSE,FALSE
F260,Small,2.07,60,2.43,C,11apr.18,3,Feed2,25,1,TRUE,N,N,2,NA,TRUE,TRUE,TRUE,FALSE,TRUE
F261,Small,1.74,58,2.07,D,11apr.18,3,Feed2,25,3,TRUE,N,N,1,Batch_2,TRUE,TRUE,TRUE,TRUE,TRUE
F262,Large,6.33,76,7.55,D,11apr.18,3,Feed2,28,0,FALSE,N,N,1,Batch_2,TRUE,TRUE,TRUE,TRUE,TRUE
F263,Large,7.17,79,8.14,D,11apr.18,3,Feed2,27,0,FALSE,Y,N,0,Batch_2,TRUE,TRUE,TRUE,TRUE,TRUE
F264,Small,0.93,50,1.1,D,11apr.18,3,Feed2,28,2,TRUE,N,N,1,NA,TRUE,TRUE,TRUE,FALSE,TRUE
F265,Medium,3.07,66.5,3.59,D,11apr.18,3,Feed2,26,1,TRUE,N,N,0,Batch_2,TRUE,TRUE,FALSE,TRUE,TRUE
F266,Small,1.36,55.5,1.58,D,11apr.18,3,Feed2,25,1,TRUE,N,N,0,NA,TRUE,TRUE,TRUE,FALSE,TRUE
F267,Large,5.79,75,6.76,D,11apr.18,3,Feed2,27,1,TRUE,N,Y,0,Batch_2,TRUE,TRUE,TRUE,TRUE,TRUE
F268,Medium,3.56,68,4.4,D,11apr.18,3,Feed2,27,2,TRUE,N,N,0,Batch_2,TRUE,TRUE,TRUE,TRUE,TRUE
F269,Medium,2.71,63.5,3.21,D,11apr.18,3,Feed2,25,1,TRUE,N,N,0,Batch_2,TRUE,TRUE,TRUE,TRUE,TRUE
F270,Small,1.63,56.5,1.97,D,11apr.18,3,Feed2,29,2,TRUE,N,N,0,NA,TRUE,TRUE,TRUE,FALSE,FALSE
F271,Large,5.89,80,6.98,C,11apr.18,3,Feed2,27,1,TRUE,N,N,0,Batch_2,TRUE,TRUE,TRUE,TRUE,TRUE
F272,Medium,2.61,65,3,C,11apr.18,3,Feed2,28,2,TRUE,N,N,0,Batch_2,TRUE,TRUE,TRUE,TRUE,FALSE
F273,Small,2.34,62,2.695,C,11apr.18,3,Feed2,27,0,FALSE,N,N,0,Batch_2,TRUE,TRUE,TRUE,TRUE,TRUE
F274,Medium,3.015,66,3.45,C,11apr.18,3,Feed2,28,0,FALSE,N,N,0,NA,TRUE,TRUE,FALSE,FALSE,TRUE
F275,Large,4.22,74,4.91,C,11apr.18,3,Feed2,28,1,TRUE,N,N,0,Batch_2,TRUE,TRUE,TRUE,TRUE,TRUE
F276,Medium,3.82,70,4.51,C,11apr.18,3,Feed2,28,1,TRUE,N,N,0,Batch_2,TRUE,TRUE,FALSE,TRUE,TRUE
F277,Medium,3.24,69,3.78,C,11apr.18,3,Feed2,29,1,TRUE,N,Y,0,Batch_2,TRUE,TRUE,TRUE,TRUE,TRUE
F278,Medium,3.75,68,4.37,C,11apr.18,3,Feed2,29,0,FALSE,N,N,0,Batch_2,TRUE,TRUE,TRUE,TRUE,TRUE
F279,Medium,3.91,70.5,4.62,C,11apr.18,3,Feed2,29,1,TRUE,N,N,0,Batch_2,TRUE,TRUE,TRUE,TRUE,TRUE
F280,Medium,3.65,70,4.36,C,11apr.18,3,Feed2,27,1,TRUE,N,N,0,Batch_2,TRUE,TRUE,TRUE,TRUE,TRUE
F281,Medium,3.58,70,4.2,D,11apr.18,3,Feed2,27,1,TRUE,N,Y,0,Batch_2,TRUE,TRUE,TRUE,TRUE,TRUE
F282,Medium,3.19,66,3.71,D,11apr.18,3,Feed2,29,1,TRUE,N,N,1,Batch_2,TRUE,TRUE,FALSE,TRUE,TRUE
F283,Medium,3.06,65,3.81,D,11apr.18,3,Feed2,26,2,TRUE,N,N,0,Batch_2,TRUE,TRUE,TRUE,TRUE,TRUE
F284,Large,5.25,78.5,6.02,D,11apr.18,3,Feed2,28,0,FALSE,N,Y,0,Batch_2,TRUE,TRUE,TRUE,TRUE,FALSE
F285,Medium,2.83,65,3.28,D,11apr.18,3,Feed2,28,2,TRUE,N,N,0,Batch_2,TRUE,TRUE,TRUE,TRUE,TRUE
F286,Medium,3.23,64,4.06,D,11apr.18,3,Feed2,26,3,TRUE,N,N,0,NA,TRUE,TRUE,TRUE,FALSE,TRUE
F287,Medium,3.77,72,4.38,D,11apr.18,3,Feed2,28,1,TRUE,N,N,0,Batch_2,TRUE,TRUE,FALSE,TRUE,TRUE
F288,Medium,3.03,65.5,3.52,D,11apr.18,3,Feed2,28,1,TRUE,N,N,0,Batch_2,TRUE,TRUE,TRUE,TRUE,TRUE
F289,Small,2.53,63,3.05,D,11apr.18,3,Feed2,28,3,TRUE,N,N,0,NA,TRUE,TRUE,TRUE,FALSE,TRUE
F290,Large,4.65,76,5.48,D,11apr.18,3,Feed2,30,1,TRUE,N,N,0,NA,TRUE,TRUE,TRUE,FALSE,TRUE
F291,Medium,3.14,67,3.68,C,11apr.18,3,Feed2,28,1,TRUE,N,N,0,Batch_2,TRUE,FALSE,TRUE,TRUE,TRUE
F292,Large,7.83,86,9.54,C,11apr.18,3,Feed2,30,0,FALSE,N,N,0,Batch_3,TRUE,FALSE,TRUE,TRUE,TRUE
F293,Small,2.46,60,2.96,C,11apr.18,3,Feed2,26,2,TRUE,N,N,0,Batch_3,TRUE,FALSE,TRUE,TRUE,TRUE
F294,Medium,3.85,73,4.44,C,11apr.18,3,Feed2,29,1,TRUE,N,Y,0,Batch_3,TRUE,FALSE,TRUE,TRUE,TRUE
F295,Medium,2.9,64,3.33,C,11apr.18,3,Feed2,27,1,TRUE,N,N,0,Batch_3,TRUE,FALSE,TRUE,TRUE,TRUE
F296,Medium,3.14,67,3.79,C,11apr.18,3,Feed2,28,0,FALSE,N,N,0,NA,TRUE,FALSE,TRUE,FALSE,FALSE
F297,Medium,3.8,66.5,4.5,C,11apr.18,3,Feed2,29,0,FALSE,N,N,0,Batch_3,TRUE,FALSE,TRUE,TRUE,TRUE
F298,Large,4.65,72,5.39,C,11apr.18,3,Feed2,28,2,TRUE,N,N,0,Batch_3,TRUE,FALSE,TRUE,TRUE,TRUE
F299,Small,1.395,56,1.7,C,11apr.18,3,Feed2,26,1,TRUE,N,Y,1,Batch_3,TRUE,TRUE,TRUE,TRUE,TRUE
F300,Medium,2.72,74,3.16,C,11apr.18,3,Feed2,28,0,FALSE,N,N,0,Batch_3,TRUE,TRUE,TRUE,TRUE,TRUE
F301,Medium,4.19,71,4.98,D,11apr.18,3,Feed2,28,0,FALSE,N,N,0,Batch_3,TRUE,TRUE,TRUE,TRUE,TRUE
F302,Large,4.32,72,5.1,D,11apr.18,3,Feed2,28,0,FALSE,N,N,0,Batch_3,TRUE,TRUE,TRUE,TRUE,TRUE
F303,Small,1.16,52.5,1.44,D,11apr.18,3,Feed2,28,1,TRUE,N,Y,2,Batch_3,TRUE,TRUE,TRUE,TRUE,TRUE
F304,Medium,4.1,71,4.77,D,11apr.18,3,Feed2,28,1,TRUE,N,N,0,Batch_3,TRUE,TRUE,TRUE,TRUE,TRUE
F305,Medium,3.43,69,3.86,D,11apr.18,3,Feed2,27,2,TRUE,N,N,0,Batch_3,TRUE,TRUE,TRUE,TRUE,TRUE
F306,Medium,3.25,66,3.78,D,11apr.18,3,Feed2,27,0,FALSE,N,N,0,Batch_3,TRUE,TRUE,TRUE,TRUE,TRUE
F307,Small,1.9,59,2.21,D,11apr.18,3,Feed2,25,1,TRUE,N,N,1,NA,TRUE,TRUE,TRUE,FALSE,TRUE
F308,Medium,3.84,67,4.64,D,11apr.18,3,Feed2,29,1,TRUE,N,N,1,NA,TRUE,TRUE,TRUE,FALSE,FALSE
F309,Small,2.24,64,2.56,D,11apr.18,3,Feed2,28,1,TRUE,N,N,0,Batch_3,TRUE,TRUE,TRUE,TRUE,TRUE
F310,Small,1.65,56,1.89,D,11apr.18,3,Feed2,28,1,TRUE,N,N,0,NA,TRUE,TRUE,TRUE,FALSE,FALSE
F311,Small,1.47,60,2.19,D,12apr.18,3,Feed2,27,2,TRUE,N,Y,2,Batch_3,TRUE,TRUE,TRUE,TRUE,TRUE
F312,Small,1.35,52,1.605,D,12apr.18,3,Feed2,26,1,TRUE,N,Y,1,NA,TRUE,TRUE,TRUE,FALSE,TRUE
F313,Large,5.03,76,5.81,D,12apr.18,3,Feed2,26,2,TRUE,N,N,0,Batch_3,TRUE,TRUE,TRUE,TRUE,FALSE
F314,Medium,2.85,68,3.215,D,12apr.18,3,Feed2,27,2,TRUE,N,N,1,Batch_3,TRUE,TRUE,FALSE,TRUE,TRUE
F315,Small,2.03,59,2.445,D,12apr.18,3,Feed2,25,2,TRUE,N,Y,0,Batch_3,TRUE,TRUE,TRUE,TRUE,TRUE
F316,Large,4.92,73,5.68,D,12apr.18,3,Feed2,28,2,TRUE,Y,N,0,Batch_3,TRUE,TRUE,TRUE,TRUE,TRUE
F317,Small,2.54,62,2.935,D,12apr.18,3,Feed2,27,1,TRUE,N,N,2,Batch_3,TRUE,TRUE,TRUE,TRUE,TRUE
F318,Small,1.45,55,1.705,D,12apr.18,3,Feed2,26,2,TRUE,N,N,0,Batch_3,TRUE,TRUE,TRUE,TRUE,TRUE
F319,Large,4.37,76,5.01,D,12apr.18,3,Feed2,26,0,FALSE,N,Y,0,NA,TRUE,TRUE,TRUE,FALSE,FALSE
F320,Medium,3.84,69,4.42,D,12apr.18,3,Feed2,27,1,TRUE,N,Y,0,Batch_3,TRUE,TRUE,TRUE,TRUE,TRUE
F321,Small,1.18,52.5,1.425,C,12apr.18,3,Feed2,26,2,TRUE,N,N,0,Batch_3,TRUE,TRUE,TRUE,TRUE,TRUE
F322,Small,1.325,54.5,1.55,C,12apr.18,3,Feed2,26,1,TRUE,N,N,2,Batch_3,TRUE,TRUE,TRUE,TRUE,FALSE
F323,Small,0.87,49,1.04,C,12apr.18,3,Feed2,24,1,TRUE,N,Y,2,Batch_3,TRUE,TRUE,TRUE,TRUE,TRUE
F324,Large,5.31,74.5,6.26,C,12apr.18,3,Feed2,27,0,FALSE,Y,N,0,Batch_3,TRUE,TRUE,TRUE,TRUE,TRUE
F325,Medium,2.665,65,3.215,C,12apr.18,3,Feed2,26,2,TRUE,N,Y,0,Batch_3,TRUE,TRUE,TRUE,TRUE,TRUE
F326,Small,1.375,53.5,1.615,C,12apr.18,3,Feed2,27,2,TRUE,N,N,0,Batch_3,TRUE,TRUE,TRUE,TRUE,TRUE
F327,Small,2.19,62.5,2.515,C,12apr.18,3,Feed2,28,0,FALSE,N,N,0,Batch_3,TRUE,TRUE,FALSE,TRUE,TRUE
F328,Large,5.26,76,6.27,C,12apr.18,3,Feed2,27,0,FALSE,N,Y,0,Batch_3,TRUE,TRUE,TRUE,TRUE,TRUE
F329,Large,5.87,80.5,7.06,C,12apr.18,3,Feed2,26,0,FALSE,N,Y,0,Batch_3,TRUE,TRUE,TRUE,TRUE,TRUE
F330,Large,4.32,69.5,5.04,C,12apr.18,3,Feed2,27,2,TRUE,N,N,0,Batch_3,TRUE,TRUE,TRUE,TRUE,FALSE
F331,Large,4.31,74.5,4.94,C,12apr.18,3,Feed2,27,1,TRUE,N,Y,0,Batch_3,TRUE,TRUE,TRUE,TRUE,TRUE
F332,Medium,2.64,62,3.045,C,12apr.18,3,Feed2,27,0,FALSE,N,Y,0,Batch_3,TRUE,TRUE,TRUE,TRUE,TRUE
F333,Medium,4.07,74.5,4.73,C,12apr.18,3,Feed2,26,0,FALSE,N,Y,0,Batch_3,TRUE,TRUE,TRUE,TRUE,TRUE
F334,Large,4.87,73,5.65,C,12apr.18,3,Feed2,27,2,TRUE,Y,Y,0,Batch_3,TRUE,TRUE,TRUE,TRUE,TRUE
F335,Medium,2.865,62.5,3.46,C,12apr.18,3,Feed2,27,0,FALSE,Y,N,0,Batch_3,TRUE,TRUE,TRUE,TRUE,TRUE
F336,Medium,4.16,72.5,4.75,C,12apr.18,3,Feed2,26,0,FALSE,N,Y,0,Batch_3,TRUE,TRUE,TRUE,TRUE,TRUE
F337,Large,5,73,5.94,C,12apr.18,3,Feed2,27,2,TRUE,Y,N,0,Batch_3,TRUE,TRUE,TRUE,TRUE,FALSE
F338,Large,4.79,70.5,5.47,C,12apr.18,3,Feed2,27,1,TRUE,Y,Y,0,Batch_3,TRUE,TRUE,TRUE,TRUE,TRUE
F339,Small,1.665,58,2.04,C,12apr.18,3,Feed2,25,1,TRUE,N,N,3,NA,TRUE,TRUE,FALSE,FALSE,FALSE
F340,Small,1.695,57,1.97,C,12apr.18,3,Feed2,26,1,TRUE,N,Y,2,NA,TRUE,TRUE,TRUE,FALSE,FALSE
F341,Small,2.51,63,2.84,D,12apr.18,3,Feed2,26,0,FALSE,N,Y,2,Batch_3,TRUE,TRUE,TRUE,TRUE,TRUE
F342,Large,4.4,75,5.15,D,12apr.18,3,Feed2,26,2,TRUE,N,Y,1,Batch_3,TRUE,TRUE,TRUE,TRUE,TRUE
F343,Small,2.095,60,2.42,D,12apr.18,3,Feed2,26,1,TRUE,N,Y,0,Batch_3,TRUE,TRUE,TRUE,TRUE,TRUE
F344,Medium,2.82,66,2.255,D,12apr.18,3,Feed2,27,2,TRUE,N,N,1,Batch_3,TRUE,TRUE,TRUE,TRUE,TRUE
F345,Medium,3.51,69,4.05,D,12apr.18,3,Feed2,27,1,TRUE,N,N,0,Batch_3,TRUE,TRUE,TRUE,TRUE,TRUE
F346,Large,5.01,75,5.82,D,12apr.18,3,Feed2,26,0,FALSE,N,Y,2,Batch_3,TRUE,TRUE,TRUE,TRUE,TRUE
F347,Large,4.83,74,5.76,D,12apr.18,3,Feed2,28,2,TRUE,N,Y,0,Batch_3,TRUE,FALSE,TRUE,TRUE,FALSE
F348,Medium,2.71,62,3.105,D,12apr.18,3,Feed2,28,2,TRUE,N,N,1,Batch_3,TRUE,FALSE,TRUE,TRUE,FALSE
F349,Small,2.02,59,2.435,D,12apr.18,3,Feed2,25,2,TRUE,N,N,4,Batch_4,TRUE,TRUE,TRUE,TRUE,TRUE
F350,Small,2.44,63,2.915,D,12apr.18,3,Feed2,28,1,TRUE,N,N,0,Batch_4,TRUE,TRUE,TRUE,TRUE,TRUE
F351,Medium,3.61,68,4.29,C,12apr.18,3,Feed2,27,2,TRUE,N,N,0,Batch_4,TRUE,TRUE,TRUE,TRUE,TRUE
F352,Large,5.07,73,6.07,C,12apr.18,3,Feed2,26,1,TRUE,N,Y,0,Batch_4,TRUE,TRUE,TRUE,TRUE,TRUE
F353,Large,4.49,75,5.28,C,12apr.18,3,Feed2,27,2,TRUE,N,N,0,Batch_4,TRUE,TRUE,TRUE,TRUE,TRUE
F354,Large,4.68,74.5,5.56,C,12apr.18,3,Feed2,27,2,TRUE,N,N,1,Batch_4,TRUE,TRUE,TRUE,TRUE,TRUE
F355,Medium,3.12,66.5,3.53,C,12apr.18,3,Feed2,26,1,TRUE,N,N,0,Batch_4,TRUE,FALSE,TRUE,TRUE,TRUE
F356,Large,4.58,75,5.32,C,12apr.18,3,Feed2,26,0,FALSE,N,N,0,Batch_4,TRUE,FALSE,TRUE,TRUE,TRUE
F357,Large,5.5,74,6.54,C,12apr.18,3,Feed2,26,1,TRUE,Y,N,0,Batch_4,TRUE,FALSE,TRUE,TRUE,FALSE
F358,Small,2.325,61,2.68,C,12apr.18,3,Feed2,27,0,FALSE,N,N,0,Batch_4,TRUE,FALSE,TRUE,TRUE,TRUE
F359,Medium,4.07,68,4.87,C,12apr.18,3,Feed2,27,1,TRUE,Y,N,0,Batch_4,TRUE,FALSE,TRUE,TRUE,TRUE
F360,Large,4.5,72,5.36,C,12apr.18,3,Feed2,27,1,TRUE,Y,Y,0,Batch_4,TRUE,FALSE,TRUE,TRUE,TRUE
F361,Small,2.24,61,2.54,D,12apr.18,3,Feed2,28,2,TRUE,N,N,0,Batch_4,TRUE,TRUE,FALSE,TRUE,TRUE
F362,Small,2.48,63,2.85,D,12apr.18,3,Feed2,27,1,TRUE,N,N,1,Batch_4,TRUE,TRUE,TRUE,TRUE,TRUE
F363,Small,2.26,60,2.72,D,12apr.18,3,Feed2,28,2,TRUE,N,N,2,Batch_4,TRUE,TRUE,FALSE,TRUE,TRUE
F364,Large,5.54,75,6.67,D,12apr.18,3,Feed2,28,2,TRUE,N,N,1,Batch_4,TRUE,TRUE,TRUE,TRUE,FALSE
F365,Small,1.32,52,1.51,D,12apr.18,3,Feed2,23,0,FALSE,N,N,2,NA,TRUE,TRUE,TRUE,FALSE,TRUE
F366,Small,1.74,58,2.09,D,12apr.18,3,Feed2,26,2,TRUE,N,N,1,Batch_4,TRUE,TRUE,TRUE,TRUE,TRUE
F367,Small,2.42,63,2.72,D,12apr.18,3,Feed2,26,2,TRUE,N,N,1,NA,TRUE,TRUE,TRUE,FALSE,FALSE
F368,Medium,4.15,73,4.86,D,12apr.18,3,Feed2,27,0,FALSE,N,N,0,Batch_4,TRUE,TRUE,TRUE,TRUE,FALSE
F369,Small,1.875,60,2.29,D,12apr.18,3,Feed2,27,2,TRUE,N,N,1,Batch_4,TRUE,TRUE,TRUE,TRUE,FALSE
F370,Large,4.64,73,5.5,D,12apr.18,3,Feed2,NA,2,TRUE,N,N,0,Batch_4,TRUE,TRUE,TRUE,TRUE,FALSE
F371,Large,6.89,80.5,8.349,C,12apr.18,3,Feed2,27,0,FALSE,N,Y,0,Batch_4,TRUE,TRUE,TRUE,TRUE,TRUE
F372,Medium,4.12,69.5,4.84,C,12apr.18,3,Feed2,27,1,TRUE,N,N,1,Batch_4,TRUE,TRUE,TRUE,TRUE,TRUE
F373,Large,4.99,73.5,5.84,C,12apr.18,3,Feed2,26,1,TRUE,Y,Y,0,Batch_4,TRUE,TRUE,TRUE,TRUE,TRUE
F374,Large,5.26,73.5,6.1,C,12apr.18,3,Feed2,27,1,TRUE,N,N,0,Batch_4,TRUE,TRUE,TRUE,TRUE,TRUE
F375,Large,4.36,72.5,5.15,C,12apr.18,3,Feed2,26,1,TRUE,N,Y,0,Batch_4,TRUE,TRUE,TRUE,TRUE,TRUE
F376,Large,4.55,71.5,5.27,C,12apr.18,3,Feed2,27,2,TRUE,N,Y,0,Batch_4,TRUE,TRUE,TRUE,TRUE,TRUE
F377,Medium,3.3,70,3.77,C,12apr.18,3,Feed2,27,1,TRUE,N,Y,1,NA,TRUE,FALSE,FALSE,FALSE,TRUE
F378,Small,2.31,57,2.71,C,12apr.18,3,Feed2,27,3,TRUE,Y,Y,0,Batch_4,TRUE,FALSE,FALSE,TRUE,TRUE
F379,Small,2.05,59.5,2.4,C,12apr.18,3,Feed2,26,1,TRUE,N,N,0,Batch_4,TRUE,TRUE,TRUE,TRUE,TRUE
F380,Large,5.19,76,5.78,C,12apr.18,3,Feed2,28,2,TRUE,N,Y,0,Batch_4,TRUE,TRUE,TRUE,TRUE,TRUE
F381,Small,1.63,56.5,2.04,D,12apr.18,3,Feed2,26,2,TRUE,N,N,1,Batch_4,TRUE,TRUE,TRUE,TRUE,TRUE
F382,Small,2.415,63,2.925,D,12apr.18,3,Feed2,26,1,TRUE,N,Y,0,Batch_4,TRUE,TRUE,TRUE,TRUE,TRUE
F383,Small,1.965,61,2.29,D,12apr.18,3,Feed2,27,1,TRUE,N,N,0,Batch_4,TRUE,TRUE,TRUE,TRUE,TRUE
F384,Small,2.095,59,2.535,D,12apr.18,3,Feed2,28,2,TRUE,N,N,0,Batch_4,TRUE,TRUE,TRUE,TRUE,FALSE
F385,Small,2.25,61,2.96,D,12apr.18,3,Feed2,28,1,TRUE,N,N,1,NA,TRUE,TRUE,TRUE,FALSE,FALSE
F386,Medium,4.18,71,5.01,D,12apr.18,3,Feed2,27,3,TRUE,N,Y,0,Batch_4,TRUE,TRUE,TRUE,TRUE,TRUE
F387,Medium,3.67,69.5,4.38,D,12apr.18,3,Feed2,26,1,TRUE,N,Y,0,Batch_4,TRUE,FALSE,TRUE,TRUE,FALSE
F388,Small,2.53,64.5,3.07,D,12apr.18,3,Feed2,27,1,TRUE,N,Y,0,Batch_4,TRUE,FALSE,TRUE,TRUE,TRUE
F389,Large,4.23,69.5,4.43,D,12apr.18,3,Feed2,27,1,TRUE,Y,Y,0,Batch_4,TRUE,FALSE,TRUE,TRUE,TRUE
F390,Small,1.72,58,2.165,D,12apr.18,3,Feed2,26,1,TRUE,N,Y,0,Batch_4,TRUE,FALSE,TRUE,TRUE,TRUE
F391,Small,2.075,60,2.48,C,12apr.18,3,Feed2,26,2,TRUE,N,Y,1,Batch_4,TRUE,FALSE,TRUE,TRUE,TRUE
F392,Medium,2.72,64.5,3.28,C,12apr.18,3,Feed2,26,1,TRUE,N,Y,0,Batch_4,TRUE,FALSE,TRUE,TRUE,TRUE
F393,Large,4.52,73,5.25,C,12apr.18,3,Feed2,27,0,FALSE,N,Y,1,Batch_4,TRUE,FALSE,TRUE,TRUE,TRUE
F394,Large,5.05,74.5,5.91,C,12apr.18,3,Feed2,27,1,TRUE,N,N,0,Batch_4,TRUE,FALSE,TRUE,TRUE,TRUE
F395,Large,4.41,72,5.05,C,12apr.18,3,Feed2,26,2,TRUE,N,N,0,Batch_4,TRUE,FALSE,TRUE,TRUE,TRUE
F396,Medium,3.38,68,3.87,C,12apr.18,3,Feed2,27,0,FALSE,N,N,2,NA,TRUE,FALSE,TRUE,FALSE,FALSE
F397,Large,4.62,74.5,5.61,C,12apr.18,3,Feed2,27,2,TRUE,N,Y,0,Batch_4,TRUE,FALSE,TRUE,TRUE,TRUE
F398,Large,4.41,74.5,5.21,C,12apr.18,3,Feed2,27,0,FALSE,N,Y,0,Batch_4,TRUE,FALSE,TRUE,TRUE,TRUE
F399,Small,2.41,64.5,2.75,C,12apr.18,3,Feed2,27,1,TRUE,N,Y,1,Batch_4,TRUE,TRUE,TRUE,TRUE,TRUE
F400,Medium,4.17,69.5,5.07,C,12apr.18,3,Feed2,27,1,TRUE,Y,Y,0,Batch_4,TRUE,TRUE,TRUE,TRUE,TRUE
F401,Large,4.26,72.5,4.91,D,12apr.18,3,Feed2,27,2,TRUE,N,Y,0,Batch_4,TRUE,TRUE,TRUE,TRUE,TRUE
F402,Small,2.26,62,2.59,D,12apr.18,3,Feed2,26,1,TRUE,N,Y,1,NA,TRUE,TRUE,TRUE,FALSE,FALSE
F403,Large,4.67,70,5.74,D,12apr.18,3,Feed2,26,2,TRUE,Y,Y,0,Batch_4,TRUE,TRUE,TRUE,TRUE,FALSE
F404,Medium,3.27,67,3.8,D,12apr.18,3,Feed2,27,1,TRUE,N,Y,0,Batch_4,TRUE,FALSE,TRUE,TRUE,TRUE
F405,Medium,4.01,72,4.64,D,12apr.18,3,Feed2,27,1,TRUE,N,Y,0,Batch_4,TRUE,FALSE,TRUE,TRUE,TRUE
F406,Small,2.05,60.5,2.5,D,12apr.18,3,Feed2,27,1,TRUE,N,Y,0,Batch_4,TRUE,TRUE,FALSE,TRUE,FALSE
F407,Medium,3.62,67,4.34,D,12apr.18,3,Feed2,27,1,TRUE,Y,N,0,Batch_4,TRUE,TRUE,TRUE,TRUE,FALSE
F408,Small,2.33,61,2.66,D,12apr.18,3,Feed2,27,1,TRUE,N,Y,0,Batch_4,TRUE,TRUE,TRUE,TRUE,TRUE
F409,Small,2.29,62,2.66,D,12apr.18,3,Feed2,26,1,TRUE,N,Y,0,Batch_4,TRUE,TRUE,TRUE,TRUE,FALSE
F410,Small,2.21,61,2.59,D,12apr.18,3,Feed2,26,1,TRUE,N,Y,2,NA,TRUE,TRUE,TRUE,FALSE,TRUE
F411,Medium,3.3,67.5,3.82,C,12apr.18,3,Feed2,26,1,TRUE,Y,Y,0,Batch_4,TRUE,TRUE,FALSE,TRUE,TRUE
F412,Small,2.575,63.5,2.935,C,12apr.18,3,Feed2,25,2,TRUE,N,Y,1,NA,TRUE,TRUE,TRUE,FALSE,TRUE
F413,Medium,3.88,73,4.45,C,12apr.18,3,Feed2,26,2,TRUE,N,Y,1,NA,TRUE,TRUE,FALSE,FALSE,TRUE
F414,Large,4.97,75.5,5.84,C,12apr.18,3,Feed2,27,0,FALSE,Y,Y,0,NA,TRUE,TRUE,FALSE,FALSE,TRUE
F415,Medium,3.08,65.5,3.6,C,12apr.18,3,Feed2,27,0,FALSE,N,N,0,Batch_4,TRUE,TRUE,TRUE,TRUE,TRUE
F416,Large,5.84,74.5,6.87,C,12apr.18,3,Feed2,26,2,TRUE,Y,Y,0,NA,TRUE,TRUE,FALSE,FALSE,FALSE
F417,Small,2.31,60,2.695,C,12apr.18,3,Feed2,27,2,TRUE,Y,Y,0,NA,TRUE,TRUE,TRUE,FALSE,TRUE
F418,Small,2.36,61,2.76,C,12apr.18,3,Feed2,27,0,FALSE,N,N,0,NA,TRUE,TRUE,FALSE,FALSE,TRUE
F419,Medium,2.91,64.5,3.36,C,12apr.18,3,Feed2,25,2,TRUE,N,N,0,Batch_4,TRUE,TRUE,FALSE,TRUE,TRUE
F420,Small,1.695,58.5,2.08,C,12apr.18,3,Feed2,26,2,TRUE,N,Y,0,Batch_4,TRUE,TRUE,FALSE,TRUE,TRUE
